Acc_x,Acc_y,Acc_z,temp,humid,press
-1.5386,2.3127999999999997,9.525599999999999,28.7,74.8,1005.1
-1.2152,2.352,9.506,28.8,74.8,1005.1
